Residue_Index,WT_AA,Mut_AA,Total_Score,ddG
89,K,S,333.2296700878054,-14.382126131687528
89,K,N,334.0481586877687,-13.563637531724225
89,K,D,334.2015701987577,-13.410226020735251
89,K,Y,334.3825529128021,-13.229243306690819
89,K,E,335.1460999575468,-12.465696261946107
89,K,T,335.62365032317496,-11.988145896317974
89,K,H,335.73685944581416,-11.874936773678769
89,K,A,336.11298880482263,-11.498807414670296
89,K,F,336.1960398478901,-11.41575637160281
89,K,R,336.68629182505924,-10.925504394433688
85,H,G,336.80292491402827,-10.808871305464663
89,K,Q,336.8570825636615,-10.754713655831438
89,K,G,336.971853179144,-10.639943040348953
90,F,E,337.3963542274221,-10.21544199207085
89,K,V,337.68308905450886,-9.928707164984075
89,K,W,337.9339374509984,-9.677858768494502
89,K,I,338.03570717116486,-9.576089048328072
89,K,L,338.3573233863079,-9.254472833185048
90,F,D,338.7177011206981,-8.894095098794821
90,F,Q,338.87727845806717,-8.734517761425764
85,H,D,339.01092663215644,-8.60086958733649
90,F,S,339.09299731225263,-8.518798907240296
89,K,M,339.10208352010807,-8.509712699384863
88,G,S,339.30577437220006,-8.306021847292868
89,K,C,339.3273846234064,-8.284411596086557
90,F,N,339.60654984655855,-8.00524637293438
90,F,K,339.8013067388585,-7.8104894806344305
90,F,T,339.93076933678276,-7.681026882710171
90,F,H,340.78226056770757,-6.829535651785363
90,F,L,340.8017899481211,-6.810006271371833
90,F,A,340.955263465472,-6.65653275402093
85,H,S,341.1209927932972,-6.4908034261957255
90,F,R,341.18741211769446,-6.424384101798466
86,A,D,341.2887588266903,-6.323037392802632
90,F,W,341.44539284458784,-6.166403374905087
90,F,G,341.6485525113586,-5.963243708134314
90,F,Y,341.742039432513,-5.869756786979906
85,H,N,341.9070616570758,-5.704734562417116
90,F,M,342.05550811581566,-5.556288103677275
90,F,V,342.26793225479344,-5.343863964699494
86,A,N,342.31414255498504,-5.297653664507891
86,A,S,342.46432632584487,-5.147469893648065
90,F,I,342.6050639913587,-5.00673222813424
90,F,C,342.9148888941486,-4.696907325344341
85,H,T,343.1888007660606,-4.42299545343235
85,H,A,344.0898921480891,-3.52190407140381
86,A,Y,344.26679794435074,-3.3449982751421885
85,H,C,344.4906146627727,-3.1211815567202166
86,A,H,344.8366804218032,-2.7751157976897503
86,A,E,344.95659049695104,-2.6552057225418935
85,H,E,345.08712997702446,-2.52466624246847
86,A,G,345.13946986940437,-2.472326350088565
85,H,R,345.3263950672231,-2.2854011522698556
86,A,K,345.54528958402125,-2.066506635471683
86,A,T,345.826203337861,-1.785592881631942
86,A,F,345.83050179107613,-1.7812944284167997
86,A,R,345.86480468889033,-1.7469915306025996
84,L,I,346.02836286079787,-1.5834333586950606
88,G,A,346.1431266191536,-1.4686696003393536
85,H,Q,346.1744817949468,-1.4373144245461162
85,H,K,346.22543410459093,-1.3863621149019991
86,A,Q,346.4745162570024,-1.1372799624905383
84,L,E,346.5808730228382,-1.0309231966547259
88,G,K,346.59121677221134,-1.020579447281591
84,L,Y,346.6408181062772,-0.9709781132157218
88,G,N,346.8109708827792,-0.8008253367137286
84,L,F,346.8791935077246,-0.7326027117683225
84,L,Q,346.8882888361227,-0.7235073833702472
84,L,V,346.9465415627726,-0.6652546567203217
83,V,Q,347.05929141873486,-0.5525048007580722
84,L,H,347.13957314837955,-0.47222307111337614
82,T,S,347.17495258365454,-0.43684363583838604
85,H,M,347.1961844575722,-0.41561176192072935
84,L,D,347.38326989601455,-0.22852632347837698
83,V,I,347.5790755963852,-0.03272062310770707
84,L,M,347.621202018511,0.009405799018054495
83,V,R,347.6486102282317,0.03681400873875873
88,G,D,347.6527907728481,0.04099455335517632
83,V,T,347.6956571043132,0.08386088482029663
84,L,N,347.7232895410758,0.11149332158288416
84,L,T,347.8563415747252,0.24454535523227605
80,I,T,347.8863665280157,0.27457030852275466
80,I,V,347.908501483264,0.29670526377105944
83,V,K,347.9533767745489,0.3415805550559412
86,A,L,347.98516692487215,0.3733707053792159
83,V,L,348.0089135827665,0.39711736327359404
82,T,C,348.1370228513705,0.5252266318775582
84,L,S,348.1376019282802,0.5258057087872885
86,A,V,348.14251178366743,0.5307155641744998
85,H,F,348.1570419823742,0.5452457628812795
80,I,L,348.2106387232594,0.5988425037664911
85,H,Y,348.25178907372515,0.6399928542322186
84,L,K,348.2757419687182,0.6639457492252632
86,A,I,348.3691071418752,0.7573109223822598
85,H,L,348.38431149890323,0.7725152794102996
83,V,S,348.39266261055826,0.7808663910653308
88,G,Q,348.4631811606303,0.8513849411373826
80,I,A,348.4952428147255,0.8834465952325559
83,V,Y,348.521567819968,0.9097716004750964
86,A,W,348.63169420641935,1.0198979869264235
82,T,V,348.64165925972105,1.029863040228122
80,I,M,348.6708981999258,1.0591019804328425
83,V,N,348.67586271236854,1.064066492875611
86,A,M,348.68300331723776,1.071207097744832
80,I,E,348.7559527351449,1.1441565156519573
80,I,H,348.7719352949902,1.160139075497284
84,L,R,348.7874919827767,1.175695763283784
84,L,A,348.86197302151237,1.250176802019439
83,V,A,348.8788393593753,1.2670431398823894
86,A,C,348.8873753343651,1.275579114872187
83,V,M,348.94077760852986,1.328981389036926
81,M,Q,348.94774672642205,1.335950506929123
80,I,N,348.94798915397,1.3361929344770829
83,V,E,348.96931016564395,1.3575139461510162
80,I,S,349.00228933290464,1.3904931134117078
83,V,C,349.09909749150114,1.4873012720082102
82,T,R,349.2411175903978,1.6293213709048473
83,V,H,349.27680060604786,1.6650043865549264
80,I,D,349.42439577423806,1.812599554745134
82,T,A,349.446132142895,1.8343359234020795
85,H,W,349.68866397314713,2.0768677536541986
80,I,Q,349.77146550996815,2.1596692904752217
83,V,F,349.7720550178184,2.160258798325458
84,L,G,349.8855695040751,2.2737732845821483
82,T,K,349.95638037450647,2.3445841550135356
83,V,D,349.98029834180494,2.368502122312009
80,I,K,349.9909377320196,2.379141512526644
80,I,R,350.072114656546,2.460318437053047
87,G,Q,350.21716162524046,2.605365405747534
81,M,A,350.3189611365513,2.7071649170583783
83,V,W,350.3683256377444,2.756529418251489
81,M,E,350.3843437683137,2.7725475488207962
80,I,C,350.4716212822243,2.8598250627313746
82,T,Q,350.47721932236004,2.865423102867112
84,L,C,350.49543617975087,2.8836399602579377
81,M,C,350.5260538974699,2.914257677976991
84,L,W,350.5445545430925,2.9327583235995576
80,I,W,351.0932858175489,3.481489598055987
82,T,N,351.1448376875718,3.5330414680788635
87,G,L,351.32108890290385,3.709292683410922
80,I,G,351.3899600454825,3.778163825989566
87,G,E,351.4608726657227,3.8490764462297875
81,M,S,351.53781123003836,3.9260150105454272
82,T,M,351.58357673680933,3.971780517316404
87,G,K,351.69147618561806,4.079679966125127
87,G,D,351.8275656681317,4.215769448638753
82,T,E,351.8401314136071,4.228335194114152
82,T,G,351.9096294514737,4.297833231980746
83,V,G,351.97511264760806,4.363316428115127
81,M,T,352.09539433043767,4.48359811094474
87,G,N,352.17692037180024,4.565124152307305
81,M,N,352.3239425900702,4.712146370577273
87,G,R,352.428810437113,4.817014217620056
87,G,M,352.8576359729375,5.245839753444557
88,G,E,352.93307248055856,5.321276261065634
87,G,Y,352.9715438557721,5.359747636279167
88,G,L,353.1344113722196,5.522615152726644
87,G,H,353.1659430867589,5.554146867265956
87,G,S,353.21683378833507,5.605037568842135
88,G,H,353.2679585801298,5.65616236063687
87,G,F,353.31190902715446,5.700112807661526
82,T,D,353.6597035012275,6.047907281734581
81,M,G,354.43136691414253,6.819570694649599
80,I,F,354.48780296434137,6.876006744848439
88,G,Y,354.54749584676586,6.935699627272925
81,M,D,354.6212596256569,7.009463406163945
87,G,W,355.0828442808397,7.471048061346778
87,G,I,355.4561790402228,7.844382820729891
88,G,R,355.47855756148635,7.866761341993424
87,G,V,355.55062808956325,7.938831870070317
88,G,F,355.740687573674,8.128891354181064
87,G,T,355.76072864099353,8.148932421500604
87,G,A,355.76259027989187,8.150794060398937
88,G,T,355.9372186067652,8.325422387272283
87,G,C,356.0039717263784,8.39217550688545
88,G,M,356.26501401124517,8.65321779175224
88,G,C,356.51390411683053,8.9021078973376
88,G,W,357.78033317586153,10.168536956368598
82,T,I,359.63518459409266,12.023388374599733
87,G,P,360.32571691962823,12.713920700135304
80,I,Y,361.77962620833773,14.167829988844801
84,L,P,366.060997731537,18.449201512044056
81,M,K,373.9692014247506,26.35740520525769
85,H,I,376.055983275141,28.444187055648058
82,T,L,380.7209163595778,33.10912014008488
81,M,V,388.68036497760977,41.06856875811684
81,M,I,393.9733822716837,46.36158605219077
81,M,H,415.489973064221,67.87817684472805
90,F,P,424.61282714185705,77.00103092236412
85,H,V,429.92023424672084,82.30843802722791
81,M,L,433.0079288378123,85.39613261831937
88,G,V,484.83947535549,137.22767913599705
82,T,H,513.8344349608988,166.22263874140583
81,M,R,517.2469016579707,169.6351054384778
89,K,P,536.152990862186,188.54119464269309
86,A,P,537.8975842582275,190.2857880387346
85,H,P,555.3205653014309,207.70876908193793
83,V,P,569.6758686086522,222.06407238915926
81,M,F,582.3787583617755,234.76696214228252
88,G,I,586.9885271055646,239.37673088607164
81,M,P,618.6963036538849,271.084507434392
80,I,P,625.3833309455706,277.7715347260777
88,G,P,670.4895095851425,322.8777133656496
82,T,P,702.2087668322255,354.59697061273255
81,M,Y,767.5802058599123,419.9684096404194
81,M,W,828.1185609866836,480.5067647671907
82,T,F,841.2425732436758,493.63077702418286
82,T,Y,1022.8815629954354,675.2697667759425
82,T,W,1057.63871183952,710.0269156200271
